进程名,PID,父PID,内存MB,CPU%,类型,AI风险,可执行路径,命令行,项目
"[System Process]",0,0,0.0,0.0,"-",0,"","",""
"System",4,0,0.0,0.0,"-",0,"","",""
"Secure System",300,4,0.0,0.0,"-",0,"","",""
"Registry",440,4,0.0,0.0,"-",0,"","",""
"smss.exe",1500,4,0.0,0.0,"-",0,"","",""
"csrss.exe",1820,1712,0.0,0.0,"-",0,"","",""
"wininit.exe",1532,1712,0.0,0.0,"-",0,"","",""
"csrss.exe",1540,1592,0.0,0.0,"-",0,"","",""
"services.exe",1856,1532,0.0,0.0,"-",0,"","",""
"LsaIso.exe",1864,1532,0.0,0.0,"-",0,"","",""
"lsass.exe",1908,1532,0.0,0.0,"-",0,"","",""
"svchost.exe",1604,1856,0.0,0.0,"-",0,"","",""
"WUDFHost.exe",1956,1856,0.0,0.0,"-",0,"","",""
"fontdrvhost.exe",2072,1532,0.0,0.0,"-",0,"","",""
"svchost.exe",2148,1856,0.0,0.0,"-",0,"","",""
"svchost.exe",2236,1856,0.0,0.0,"-",0,"","",""
"WUDFHost.exe",2256,1856,0.0,0.0,"-",0,"","",""
"WUDFHost.exe",2316,1856,0.0,0.0,"-",0,"","",""
"WUDFHost.exe",2368,1856,0.0,0.0,"-",0,"","",""
"winlogon.exe",2480,1592,0.0,0.0,"-",0,"","",""
"fontdrvhost.exe",2584,2480,0.0,0.0,"-",0,"","",""
"svchost.exe",2672,1856,0.0,0.0,"-",0,"","",""
"svchost.exe",2704,1856,0.0,0.0,"-",0,"","",""
"svchost.exe",2768,1856,0.0,0.0,"-",0,"","",""
"svchost.exe",2776,1856,0.0,0.0,"-",0,"","",""
"svchost.exe",2792,1856,0.0,0.0,"-",0,"","",""
"svchost.exe",2844,1856,0.0,0.0,"-",0,"","",""
"svchost.exe",2880,1856,0.0,0.0,"-",0,"","",""
"svchost.exe",2912,1856,0.0,0.0,"-",0,"","",""
"dwm.exe",2528,2480,0.0,0.0,"-",0,"","",""
"svchost.exe",3056,1856,0.0,0.0,"-",0,"","",""
"svchost.exe",3184,1856,0.0,0.0,"-",0,"","",""
"HipsDaemon.exe",3192,1856,0.0,0.0,"-",0,"","",""
"svchost.exe",3236,1856,0.0,0.0,"-",0,"","",""
"svchost.exe",3280,1856,0.0,0.0,"-",0,"","",""
"vmms.exe",3344,1856,0.0,0.0,"-",0,"","",""
"svchost.exe",3372,1856,0.0,0.0,"-",0,"","",""
"svchost.exe",3544,1856,0.0,0.0,"-",0,"","",""
"svchost.exe",3556,1856,0.0,0.0,"-",0,"","",""
"svchost.exe",3644,1856,0.0,0.0,"-",0,"","",""
"svchost.exe",3768,1856,0.0,0.0,"-",0,"","",""
"svchost.exe",3784,1856,0.0,0.0,"-",0,"","",""
"svchost.exe",3992,1856,0.0,0.0,"-",0,"","",""
"NVDisplay.Container.exe",4080,1856,0.0,0.0,"-",0,"","",""
"svchost.exe",3120,1856,0.0,0.0,"-",0,"","",""
"svchost.exe",4032,1856,0.0,0.0,"-",0,"","",""
"svchost.exe",4052,1856,0.0,0.0,"-",0,"","",""
"svchost.exe",4140,1856,0.0,0.0,"-",0,"","",""
"svchost.exe",4196,1856,0.0,0.0,"-",0,"","",""
"svchost.exe",4232,1856,0.0,0.0,"-",0,"","",""
"svchost.exe",4344,1856,0.0,0.0,"-",0,"","",""
"svchost.exe",4352,1856,0.0,0.0,"-",0,"","",""
"svchost.exe",4696,1856,0.0,0.0,"-",0,"","",""
"NVDisplay.Container.exe",4764,4080,0.0,0.0,"-",0,"","",""
"svchost.exe",4800,1856,0.0,0.0,"-",0,"","",""
"svchost.exe",4864,1856,0.0,0.0,"-",0,"","",""
"vmcompute.exe",4880,1856,0.0,0.0,"-",0,"","",""
"svchost.exe",5372,1856,0.0,0.0,"-",0,"","",""
"svchost.exe",5468,1856,0.0,0.0,"-",0,"","",""
"svchost.exe",5676,1856,0.0,0.0,"-",0,"","",""
"svchost.exe",5756,1856,0.0,0.0,"-",0,"","",""
"svchost.exe",5792,1856,0.0,0.0,"-",0,"","",""
"svchost.exe",5848,1856,0.0,0.0,"-",0,"","",""
"spoolsv.exe",5872,1856,0.0,0.0,"-",0,"","",""
"svchost.exe",6160,1856,0.0,0.0,"-",0,"","",""
"svchost.exe",6516,1856,0.0,0.0,"-",0,"","",""
"svchost.exe",6524,1856,0.0,0.0,"-",0,"","",""
"FlClashHelperService.exe",6556,1856,0.0,0.0,"-",0,"","",""
"FolderSizeSvc.exe",6564,1856,0.0,0.0,"-",0,"","",""
"jhi_service.exe",6592,1856,0.0,0.0,"-",0,"","",""
"phpStudyServer.exe",6604,1856,0.0,0.0,"-",0,"","",""
"svchost.exe",6616,1856,0.0,0.0,"-",0,"","",""
"IntelAudioService.exe",6632,1856,0.0,0.0,"-",0,"","",""
"RtkAudUService64.exe",6640,1856,0.0,0.0,"-",0,"","",""
"MpDefenderCoreService.exe",6648,1856,0.0,0.0,"-",0,"","",""
"logi_lamparray_service.AMD64.exe",6672,1856,0.0,0.0,"-",0,"","",""
"svchost.exe",6692,1856,0.0,0.0,"-",0,"","",""
"vmnetdhcp.exe",6712,1856,0.0,0.0,"-",0,"","",""
"svchost.exe",6720,1856,0.0,0.0,"-",0,"","",""
"NahimicService.exe",6744,1856,0.0,0.0,"-",0,"","",""
"svchost.exe",6752,1856,0.0,0.0,"-",0,"","",""
"openvpnserv.exe",6768,1856,0.0,0.0,"-",0,"","",""
"openvpnserv2.exe",6776,1856,0.0,0.0,"-",0,"","",""
"svchost.exe",6796,1856,0.0,0.0,"-",0,"","",""
"launcher-x64.exe",6804,1856,0.0,0.0,"-",0,"","",""
"UpgradeService.exe",6812,1856,0.0,0.0,"-",0,"","",""
"ThunderboltService.exe",6840,1856,0.0,0.0,"-",0,"","",""
"TbtP2pShortcutService.exe",6880,1856,0.0,0.0,"-",0,"","",""
"BasicService.exe",6888,1856,0.0,0.0,"-",0,"","",""
"MsMpEng.exe",6904,1856,0.0,0.0,"-",0,"","",""
"vmware-usbarbitrator64.exe",6916,1856,0.0,0.0,"-",0,"","",""
"WMIRegistrationService.exe",6988,1856,0.0,0.0,"-",0,"","",""
"SangforPWEx.exe",7024,1856,0.0,0.0,"-",0,"","",""
"SMSvcHost.exe",7032,1856,0.0,0.0,"-",0,"","",""
"ToDesk.exe",7228,1856,0.0,0.0,"-",0,"","",""
"conhost.exe",7444,6804,0.0,0.0,"-",0,"","",""
"wlanext.exe",7704,5756,0.0,0.0,"-",0,"","",""
"conhost.exe",7768,7704,0.0,0.0,"-",0,"","",""
"svchost.exe",8112,1856,0.0,0.0,"-",0,"","",""
"SMSvcHost.exe",8272,1856,0.0,0.0,"-",0,"","",""
"Intel_PIE_Service.exe",8696,1856,0.0,0.0,"-",0,"","",""
"svchost.exe",4592,1856,0.0,0.0,"-",0,"","",""
"svchost.exe",9288,1856,0.0,0.0,"-",0,"","",""
"svchost.exe",9076,1856,0.0,0.0,"-",0,"","",""
"svchost.exe",9392,1856,0.0,0.0,"-",0,"","",""
"SangforUDProtectEx.exe",10644,7024,0.0,0.0,"-",0,"","",""
"DefenderSessionHelper.exe",10732,6904,5.8,0.0,"-",0,"C:\ProgramData\Microsoft\Windows Defender\Platform\4.18.26080.4-0\DefenderSessionHelper.exe","",""
"sihost.exe",10844,3556,28.4,0.0,"-",0,"C:\Windows\System32\sihost.exe","",""
"svchost.exe",10916,1856,20.3,0.0,"-",0,"C:\Windows\System32\svchost.exe","",""
"svchost.exe",10940,1856,28.1,0.0,"-",0,"C:\Windows\System32\svchost.exe","",""
"PopBlock.exe",11044,3280,12.4,0.0,"-",0,"D:\tools\app\HuorongSysdiag\Huorong\Sysdiag\bin\PopBlock.exe","",""
"svchost.exe",11108,1856,0.0,0.0,"-",0,"","",""
"svchost.exe",5000,1856,0.0,0.0,"-",0,"","",""
"explorer.exe",10376,6400,504.7,0.0,"-",0,"C:\Windows\explorer.exe","",""
"taskhostw.exe",8408,3280,24.3,0.0,"-",0,"C:\Windows\System32\taskhostw.exe","",""
"svchost.exe",10156,1856,26.3,0.0,"-",0,"C:\Windows\System32\svchost.exe","",""
"svchost.exe",11268,1856,0.0,0.0,"-",0,"","",""
"ctfmon.exe",12068,4864,43.8,0.0,"-",0,"C:\Windows\System32\ctfmon.exe","",""
"ToDesk.exe",12080,7228,145.5,0.0,"-",0,"D:\tools\app\toDesk\ToDesk.exe","",""
"TextInputHost.exe",13180,1604,77.6,0.0,"-",0,"C:\Windows\SystemApps\MicrosoftWindows.Client.CBS_cw5n1h2txyewy\TextInputHost.exe","",""
"WeaselServer.exe",12972,10376,78.4,0.0,"-",0,"D:\tools\app\Rime\weasel-0.17.4\WeaselServer.exe","",""
"coodesker-x64.exe",8804,10376,98.6,0.0,"-",0,"C:\Users\10456\AppData\Roaming\Coodesker\coodesker-x64.exe","",""
"ShellExperienceHost.exe",12600,1604,78.2,0.0,"-",0,"C:\Windows\SystemApps\ShellExperienceHost_cw5n1h2txyewy\ShellExperienceHost.exe","",""
"RuntimeBroker.exe",10524,1604,25.3,0.0,"-",0,"C:\Windows\System32\RuntimeBroker.exe","",""
"Snipaste.exe",10528,3280,46.3,0.0,"-",0,"C:\Users\10456\Desktop\tools\Snipaste-2.8.5-Beta-x64\Snipaste.exe","",""
"svchost.exe",13444,1856,14.4,0.0,"-",0,"C:\Windows\System32\svchost.exe","",""
"svchost.exe",13548,1856,17.3,0.0,"-",0,"C:\Windows\System32\svchost.exe","",""
"SystemSettingsBroker.exe",13572,1604,24.8,0.0,"-",0,"C:\Windows\System32\SystemSettingsBroker.exe","",""
"svchost.exe",13800,1856,0.0,0.0,"-",0,"","",""
"svchost.exe",13796,1856,0.0,0.0,"-",0,"","",""
"svchost.exe",13892,1856,0.0,0.0,"-",0,"","",""
"svchost.exe",12540,1856,0.0,0.0,"-",0,"","",""
"nahimicNotifSys.exe",14532,14480,39.8,0.0,"-",0,"C:\Users\10456\AppData\Local\NhNotifSys\nahimic\nahimicNotifSys.exe","",""
"WeChat.exe",16028,8804,387.6,0.0,"-",0,"D:\tools\app\WeChat\WeChat.exe","",""
"mmcrashpad_handler64.exe",16104,16028,10.2,0.0,"-",0,"D:\tools\app\WeChat\[3.9.12.55]\mmcrashpad_handler64.exe","",""
"WeChatPlayer.exe",5804,16028,19.9,0.0,"-",0,"C:\Users\10456\AppData\Roaming\Tencent\WeChat\XPlugin\Plugins\ThumbPlayer\4073\extracted\WeChatPlayer.exe","",""
"WeChatUtility.exe",6820,16028,22.0,0.0,"-",0,"C:\Users\10456\AppData\Roaming\Tencent\WeChat\XPlugin\Plugins\WeChatUtility\8091\extracted\WeChatUtility.exe","",""
"WeChatOCR.exe",7276,16028,31.2,0.0,"-",0,"C:\Users\10456\AppData\Roaming\Tencent\WeChat\XPlugin\Plugins\WeChatOCR\7079\extracted\WeChatOCR.exe","",""
"pg_ctl.exe",13600,1856,0.0,0.0,"-",0,"","",""
"postgres.exe",16580,13600,0.0,0.0,"-",0,"","",""
"conhost.exe",10748,16580,0.0,0.0,"-",0,"","",""
"postgres.exe",14728,16580,0.0,0.0,"-",0,"","",""
"postgres.exe",15772,16580,0.0,0.0,"-",0,"","",""
"postgres.exe",14584,16580,0.0,0.0,"-",0,"","",""
"postgres.exe",2012,16580,0.0,0.0,"-",0,"","",""
"postgres.exe",8144,16580,0.0,0.0,"-",0,"","",""
"postgres.exe",7240,16580,0.0,0.0,"-",0,"","",""
"postgres.exe",14544,16580,0.0,0.0,"-",0,"","",""
"postgres.exe",2272,16580,0.0,0.0,"-",0,"","",""
"postgres.exe",16292,16580,0.0,0.0,"-",0,"","",""
"svchost.exe",11532,1856,0.0,0.0,"-",0,"","",""
"vmware-autostart.exe",1720,1856,0.0,0.0,"-",0,"","",""
"svchost.exe",16048,1856,0.0,0.0,"-",0,"","",""
"svchost.exe",9480,1856,17.0,0.0,"-",0,"C:\Windows\System32\svchost.exe","",""
"svchost.exe",7476,1856,0.0,0.0,"-",0,"","",""
"MoUsoCoreWorker.exe",14112,7476,0.0,0.0,"-",0,"","",""
"FlClash.exe",10188,8804,291.2,0.0,"-",0,"C:\Users\10456\Desktop\tools\FlClash-0.8.87-windows-amd64 (1)\FlClash.exe","",""
"FlClashCore.exe",12700,6556,0.0,0.0,"-",0,"","",""
"conhost.exe",6428,12700,0.0,0.0,"-",0,"","",""
"cmd.exe",36696,10376,6.1,0.0,"-",0,"C:\Windows\System32\cmd.exe","",""
"conhost.exe",36708,36696,9.6,0.0,"-",0,"C:\Windows\System32\conhost.exe","",""
"OpenConsole.exe",36756,1604,13.8,0.0,"-",0,"C:\Program Files\WindowsApps\Microsoft.WindowsTerminal_1.24.11911.0_x64__8wekyb3d8bbwe\OpenConsole.exe","",""
"WindowsTerminal.exe",36800,1604,294.2,0.0,"-",0,"C:\Program Files\WindowsApps\Microsoft.WindowsTerminal_1.24.11911.0_x64__8wekyb3d8bbwe\WindowsTerminal.exe","",""
"SogouImeBroker.exe",36292,1604,26.1,0.0,"-",0,"C:\Windows\SysWOW64\IME\SogouPY\SogouImeBroker.exe","",""
"SogouImeLoader.exe",36340,36292,11.5,0.0,"-",0,"C:\Windows\SysWOW64\IME\SogouPY\SogouImeLoader.exe","",""
"TGitCache.exe",36932,10376,131.9,0.0,"-",0,"D:\tools\linux\TortoiseGit\bin\TGitCache.exe","",""
"kilo.exe",37512,36696,1538.5,0.0,"-",0,"D:\kilo\kilo-windows-x64\kilo.exe","",""
"audiodg.exe",22792,4800,32.4,0.0,"-",0,"C:\Windows\System32\audiodg.exe","",""
"OpenConsole.exe",20668,36800,11.1,0.0,"-",0,"C:\Program Files\WindowsApps\Microsoft.WindowsTerminal_1.24.11911.0_x64__8wekyb3d8bbwe\OpenConsole.exe","",""
"cmd.exe",19236,36800,6.2,0.0,"-",0,"C:\Windows\System32\cmd.exe","",""
"svchost.exe",31164,1856,0.0,0.0,"-",0,"","",""
"acrotray.exe",28508,10376,12.1,0.0,"-",0,"C:\Program Files\Adobe\Acrobat DC\Acrobat\acrotray.exe","",""
"YunDetectService.exe",17024,26332,19.8,0.0,"-",0,"D:\tools\app\BaiduNetdisk\YunDetectService.exe","",""
"ApplicationFrameHost.exe",24272,1604,14.8,0.0,"-",0,"C:\Windows\System32\ApplicationFrameHost.exe","",""
"dllhost.exe",4368,1604,8.5,0.0,"-",0,"C:\Windows\System32\dllhost.exe","",""
"dasHost.exe",26380,8112,0.0,0.0,"-",0,"","",""
"dllhost.exe",27820,1604,20.5,0.0,"-",0,"C:\Windows\System32\dllhost.exe","",""
"DataExchangeHost.exe",32496,1604,54.0,0.0,"-",0,"C:\Windows\System32\DataExchangeHost.exe","",""
"svchost.exe",31916,1856,0.0,0.0,"-",0,"","",""
"svchost.exe",29448,1856,0.0,0.0,"-",0,"","",""
"svchost.exe",34772,1856,0.0,0.0,"-",0,"","",""
"taskhostw.exe",27336,3280,20.5,0.0,"-",0,"C:\Windows\System32\taskhostw.exe","",""
"openvpn-gui.exe",35916,8804,38.6,0.0,"-",0,"C:\Program Files\OpenVPN\bin\openvpn-gui.exe","",""
"OpenConsole.exe",36028,36800,11.4,0.0,"-",0,"C:\Program Files\WindowsApps\Microsoft.WindowsTerminal_1.24.11911.0_x64__8wekyb3d8bbwe\OpenConsole.exe","",""
"cmd.exe",20712,36800,6.1,0.0,"-",0,"C:\Windows\System32\cmd.exe","",""
"kilo.exe",33844,20712,1252.8,0.0,"-",0,"D:\kilo\kilo-windows-x64\kilo.exe","",""
"Upgrade.exe",23368,6812,13.8,0.0,"-",0,"C:\Users\10456\AppData\Local\ScreenCast\Upgrade.exe","",""
"dllhost.exe",27580,1604,10.5,0.0,"-",0,"C:\Windows\System32\dllhost.exe","",""
"FolderSize.exe",27920,8804,43.6,0.0,"-",0,"D:\tools\app\FolderSize\FolderSize.exe","",""
"Typora.exe",12228,10376,96.5,0.0,"-",0,"D:\tools\app\typoraa\typora-setup-x641.9.5\Typora.exe","",""
"Typora.exe",38948,12228,109.4,0.0,"-",0,"D:\tools\app\typoraa\typora-setup-x641.9.5\Typora.exe","",""
"Typora.exe",39588,12228,24.5,0.0,"-",0,"D:\tools\app\typoraa\typora-setup-x641.9.5\Typora.exe","",""
"Typora.exe",30744,12228,109.9,0.0,"-",0,"D:\tools\app\typoraa\typora-setup-x641.9.5\Typora.exe","",""
"OfficeClickToRun.exe",28352,1856,0.0,0.0,"-",0,"","",""
"AppVShNotify.exe",38548,28352,0.0,0.0,"-",0,"","",""
"AppVShNotify.exe",29236,28352,10.0,0.0,"-",0,"C:\Program Files\Common Files\microsoft shared\ClickToRun\AppVShNotify.exe","",""
"HipsTray.exe",30088,3192,4.9,0.0,"-",0,"D:\tools\app\HuorongSysdiag\Huorong\Sysdiag\bin\HipsTray.exe","",""
"dart.exe",34904,33700,14.7,0.0,"-",0,"H:\tools\flutter\flutter_windows_3.47.2-stable\flutter\bin\cache\dart-sdk\bin\dart.exe","",""
"conhost.exe",19176,34904,11.5,0.0,"-",0,"C:\Windows\System32\conhost.exe","",""
"dart.exe",15804,20324,19.3,0.0,"-",0,"H:\tools\flutter\flutter_windows_3.47.2-stable\flutter\bin\cache\dart-sdk\bin\dart.exe","",""
"conhost.exe",21356,15804,11.5,0.0,"-",0,"C:\Windows\System32\conhost.exe","",""
"dart.exe",45128,111216,16.9,0.0,"-",0,"H:\tools\flutter\flutter_windows_3.47.2-stable\flutter\bin\cache\dart-sdk\bin\dart.exe","",""
"conhost.exe",45464,45128,11.5,0.0,"-",0,"C:\Windows\System32\conhost.exe","",""
"kilo.exe",26384,19236,1467.0,0.0,"-",0,"D:\kilo\kilo-windows-x64\kilo.exe","",""
"svchost.exe",108404,1856,0.0,0.0,"-",0,"","",""
"dart.exe",38696,80520,36.0,0.0,"-",0,"H:\tools\flutter\flutter_windows_3.47.2-stable\flutter\bin\cache\dart-sdk\bin\dart.exe","",""
"conhost.exe",99872,38696,11.6,0.0,"-",0,"C:\Windows\System32\conhost.exe","",""
"SearchHost.exe",33344,1604,149.1,0.0,"-",0,"C:\Windows\SystemApps\MicrosoftWindows.Client.CBS_cw5n1h2txyewy\SearchHost.exe","",""
"RuntimeBroker.exe",64380,1604,38.1,0.0,"-",0,"C:\Windows\System32\RuntimeBroker.exe","",""
"svchost.exe",39508,1856,9.6,0.0,"-",0,"C:\Windows\System32\svchost.exe","",""
"WeChatAppEx.exe",57232,16028,219.5,0.0,"-",0,"C:\Users\10456\AppData\Roaming\Tencent\WeChat\XPlugin\Plugins\RadiumWMPF\14315\extracted\runtime\WeChatAppEx.exe","",""
"WeChatAppEx.exe",81732,57232,11.4,0.0,"-",0,"C:\Users\10456\AppData\Roaming\Tencent\WeChat\XPlugin\Plugins\RadiumWMPF\14315\extracted\runtime\WeChatAppEx.exe","",""
"WeChatAppEx.exe",9700,57232,53.1,0.0,"-",0,"C:\Users\10456\AppData\Roaming\Tencent\WeChat\XPlugin\Plugins\RadiumWMPF\14315\extracted\runtime\WeChatAppEx.exe","",""
"WeChatAppEx.exe",103408,57232,1039.7,0.0,"-",0,"C:\Users\10456\AppData\Roaming\Tencent\WeChat\XPlugin\Plugins\RadiumWMPF\14315\extracted\runtime\WeChatAppEx.exe","",""
"WeChatAppEx.exe",109472,57232,39.4,0.0,"-",0,"C:\Users\10456\AppData\Roaming\Tencent\WeChat\XPlugin\Plugins\RadiumWMPF\14315\extracted\runtime\WeChatAppEx.exe","",""
"WeChatAppEx.exe",108884,57232,64.1,0.0,"-",0,"C:\Users\10456\AppData\Roaming\Tencent\WeChat\XPlugin\Plugins\RadiumWMPF\14315\extracted\runtime\WeChatAppEx.exe","",""
"WeChatAppEx.exe",45944,57232,101.6,0.0,"-",0,"C:\Users\10456\AppData\Roaming\Tencent\WeChat\XPlugin\Plugins\RadiumWMPF\14315\extracted\runtime\WeChatAppEx.exe","",""
"Zed.exe",52964,10376,649.5,0.0,"-",0,"H:\tools\app\Zed\Zed.exe","",""
"powershell.exe",39408,52964,56.8,0.0,"-",0,"C:\Windows\System32\WindowsPowerShell\v1.0\powershell.exe","",""
"conhost.exe",74228,39408,9.1,0.0,"-",0,"C:\Windows\System32\conhost.exe","",""
"OpenConsole.exe",51900,52964,10.3,0.0,"-",0,"H:\tools\app\Zed\x64\OpenConsole.exe","",""
"powershell.exe",48836,52964,81.3,0.0,"-",0,"C:\Windows\System32\WindowsPowerShell\v1.0\powershell.exe","",""
"kilo.exe",97116,39408,776.5,0.0,"-",0,"D:\kilo\kilo-windows-x64\kilo.exe","",""
"WeChatAppEx.exe",75760,57232,69.0,0.0,"-",0,"C:\Users\10456\AppData\Roaming\Tencent\WeChat\XPlugin\Plugins\RadiumWMPF\14315\extracted\runtime\WeChatAppEx.exe","",""
"WeChatAppEx.exe",46788,57232,133.2,0.0,"-",0,"C:\Users\10456\AppData\Roaming\Tencent\WeChat\XPlugin\Plugins\RadiumWMPF\14315\extracted\runtime\WeChatAppEx.exe","",""
"WeChatAppEx.exe",95860,57232,3490.2,0.0,"-",0,"C:\Users\10456\AppData\Roaming\Tencent\WeChat\XPlugin\Plugins\RadiumWMPF\14315\extracted\runtime\WeChatAppEx.exe","",""
"WeChatAppEx.exe",40888,57232,110.7,0.0,"-",0,"C:\Users\10456\AppData\Roaming\Tencent\WeChat\XPlugin\Plugins\RadiumWMPF\14315\extracted\runtime\WeChatAppEx.exe","",""
"WeChatAppEx.exe",49680,57232,34.8,0.0,"-",0,"C:\Users\10456\AppData\Roaming\Tencent\WeChat\XPlugin\Plugins\RadiumWMPF\14315\extracted\runtime\WeChatAppEx.exe","",""
"OpenConsole.exe",76444,36800,10.9,0.0,"-",0,"C:\Program Files\WindowsApps\Microsoft.WindowsTerminal_1.24.11911.0_x64__8wekyb3d8bbwe\OpenConsole.exe","",""
"cmd.exe",6864,36800,6.1,0.0,"-",0,"C:\Windows\System32\cmd.exe","",""
"kilo.exe",69996,6864,1589.8,0.0,"-",0,"D:\kilo\kilo-windows-x64\kilo.exe","",""
"svchost.exe",104240,1856,0.0,0.0,"-",0,"","",""
"package-version-server-v0.0.10.exe",18952,52964,10.2,0.0,"-",0,"C:\Users\10456\AppData\Local\Zed\languages\package-version-server\package-version-server-v0.0.10.exe","",""
"conhost.exe",101856,18952,11.6,0.0,"-",0,"C:\Windows\System32\conhost.exe","",""
"OpenConsole.exe",98020,36800,11.1,0.0,"-",0,"C:\Program Files\WindowsApps\Microsoft.WindowsTerminal_1.24.11911.0_x64__8wekyb3d8bbwe\OpenConsole.exe","",""
"cmd.exe",38008,36800,6.1,0.0,"-",0,"C:\Windows\System32\cmd.exe","",""
"kilo.exe",99352,38008,1739.1,0.0,"-",0,"D:\kilo\kilo-windows-x64\kilo.exe","",""
"conhost.exe",30072,97128,0.0,0.0,"-",0,"","",""
"python.exe",97832,97128,170.9,0.0,"Python",0,"","",""
"chrome.exe",61240,10376,434.1,0.0,"-",0,"C:\Program Files\Google\Chrome\Application\chrome.exe","",""
"chrome.exe",53744,61240,9.7,0.0,"-",0,"C:\Program Files\Google\Chrome\Application\chrome.exe","",""
"chrome.exe",10220,61240,494.8,0.0,"-",0,"C:\Program Files\Google\Chrome\Application\chrome.exe","",""
"chrome.exe",110044,61240,64.7,0.0,"-",0,"C:\Program Files\Google\Chrome\Application\chrome.exe","",""
"chrome.exe",62356,61240,35.6,0.0,"-",0,"C:\Program Files\Google\Chrome\Application\chrome.exe","",""
"chrome.exe",99912,61240,118.7,0.0,"-",0,"C:\Program Files\Google\Chrome\Application\chrome.exe","",""
"chrome.exe",73408,61240,66.6,0.0,"-",0,"C:\Program Files\Google\Chrome\Application\chrome.exe","",""
"chrome.exe",32968,61240,448.3,0.0,"-",0,"C:\Program Files\Google\Chrome\Application\chrome.exe","",""
"chrome.exe",81468,61240,24.0,0.0,"-",0,"C:\Program Files\Google\Chrome\Application\chrome.exe","",""
"JiJiDownForWPF.exe",20956,8804,220.9,0.0,"-",0,"D:\tools\app\JiJiDown1.0\JiJiDownForWPF.exe","",""
"chrome.exe",24460,61240,630.0,0.0,"-",0,"C:\Program Files\Google\Chrome\Application\chrome.exe","",""
"chrome.exe",47952,61240,56.7,0.0,"-",0,"C:\Program Files\Google\Chrome\Application\chrome.exe","",""
"TabTip.exe",21032,4864,0.0,0.0,"-",0,"","",""
"chrome.exe",17516,61240,192.0,0.0,"-",0,"C:\Program Files\Google\Chrome\Application\chrome.exe","",""
"chrome.exe",106080,61240,58.5,0.0,"-",0,"C:\Program Files\Google\Chrome\Application\chrome.exe","",""
"chrome.exe",107228,61240,272.9,0.0,"-",0,"C:\Program Files\Google\Chrome\Application\chrome.exe","",""
"chrome.exe",38840,61240,173.8,0.0,"-",0,"C:\Program Files\Google\Chrome\Application\chrome.exe","",""
"Typora.exe",17384,12228,180.6,0.0,"-",0,"D:\tools\app\typoraa\typora-setup-x641.9.5\Typora.exe","",""
"chrome.exe",8436,61240,266.0,0.0,"-",0,"C:\Program Files\Google\Chrome\Application\chrome.exe","",""
"chrome.exe",49856,61240,205.7,0.0,"-",0,"C:\Program Files\Google\Chrome\Application\chrome.exe","",""
"chrome.exe",74988,61240,30.1,0.0,"-",0,"C:\Program Files\Google\Chrome\Application\chrome.exe","",""
"app.exe",110228,65624,424.0,0.0,"-",0,"H:\2026code\2028-amis\zcode-demo\kill-process-type-nk\build\app.exe","",""
"svchost.exe",27036,1856,0.0,0.0,"-",0,"","",""
"svchost.exe",89072,1856,0.0,0.0,"-",0,"","",""
